,Exp3,FreqHist,Frequentist,MiniMaxQ,Nash,Reply-Last,ReplyHist,Skynet,UCB1-Tuned,Xelnaga,e-Greedy,e-Nash
t-statistic,-47.188690035124026,-54.83423453351512,50.13422650770903,-43.74648404625467,45.41099725997507,56.99616965814011,-17.54188471116922,-66.27072138918743,-38.61190953224299,-58.21587076402193,-29.2345963600397,40.65599637510831
p-value,5.711043792291178e-48,1.1379964363843855e-51,1.8511190031235306e-49,4.104833025573483e-46,4.999231259485438e-47,1.2576245904436403e-52,7.289110636349028e-25,2.2836054942373075e-56,4.52127176201627e-43,3.760188950243716e-53,2.1015998221621575e-36,2.5200739167747705e-44
