,Exp3,Fictitious(Det),Fictitious(Stoch),FreqHist,Frequentist,MiniMaxQ,Nash,NoRegret,Reply-Last,ReplyHist,Skynet,UCB1-Tuned,Xelnaga,e-Greedy,e-Nash
t-statistic,-76.88090312984433,61.320604711156065,64.62462664641332,-79.71496197165743,50.46511094073932,-61.36732315772044,24.272549115925855,36.89189114880154,65.72163573584649,-35.94047631998034,-94.68939727489764,-56.07691519719173,-116.5517469039859,-42.761080803243736,50.742290012847086
p-value,4.5641412442399255e-60,1.9365206219607522e-54,9.63534676289895e-56,5.7006948148876975e-61,1.274632650640067e-49,1.8540648295388052e-54,4.551689184779383e-32,5.740205249115053e-42,3.676936709965913e-56,2.4543280487539984e-41,2.8342063596728883e-65,3.1764545820399923e-52,1.7656761208264576e-70,1.479800415892111e-45,9.341525758535596e-50
